{
  "users": [
    {
      "username": "Doncho",
      "passHash": "4cb5ba2355368d4dfd14c9eee9a134791f7001cb",
      "usernameLower": "doncho",
      "authKey": "undefined+tusvd@Kh_@ixbA*Q$fvLmq(CJJmu*DN%E^i@OUr&eoAJn!*uak",
      "id": "d69707b4-d06d-42ac-bc10-1dde5aaafcf7",
      "events": [
        {
          "id": 449037,
          "title": "Test",
          "category": "Work",
          "description": "",
          "date": "2015-09-08T23:00:00.000Z",
          "creatorId": "d69707b4-d06d-42ac-bc10-1dde5aaafcf7",
          "users": [
            "d69707b4-d06d-42ac-bc10-1dde5aaafcf7",
            "d69707b4-d06d-42ac-bc10-1dde5aaafcf7"
          ]
        },
        {
          "id": 449037,
          "title": "Test",
          "category": "Work",
          "description": "",
          "date": "2015-09-08T23:00:00.000Z",
          "creatorId": "d69707b4-d06d-42ac-bc10-1dde5aaafcf7",
          "users": [
            "d69707b4-d06d-42ac-bc10-1dde5aaafcf7",
            "d69707b4-d06d-42ac-bc10-1dde5aaafcf7"
          ]
        },
        {
          "id": 792579,
          "title": "Test",
          "category": "Free time",
          "description": "",
          "date": "2015-09-17T23:00:00.000Z",
          "creatorId": "d69707b4-d06d-42ac-bc10-1dde5aaafcf7",
          "users": [
            "d69707b4-d06d-42ac-bc10-1dde5aaafcf7"
          ]
        }
      ],
      "todos": [
        {
          "id": 27882,
          "text": "qwe",
          "state": true,
          "category": "Home"
        },
        {
          "id": 365117,
          "text": "NEW TODO",
          "state": false,
          "category": "Home"
        }
      ]
    },
    {
      "username": "Cuki",
      "passHash": "6edbb5c948d25789eccdfb37b70ff7f728f49786",
      "usernameLower": "cuki",
      "authKey": "undefinedLcy$^v^zXyoxyXQ_BbAJIRYwi%KiGGlD^ry+-N@AIwpP%EhOAUK",
      "id": "f2c8726a-773e-403c-ad76-37dad93c9a8c"
    },
    {
      "username": "Cuki2",
      "passHash": "dfacf7f490d8e38e7895caad02e3693236216f51",
      "usernameLower": "cuki2",
      "authKey": "undefinedTZvCUbyZH(!=m-+)$fcAjzD)NPiWfGt(r!MHSzrCPAb(nGfp%*!",
      "id": "1987f231-b978-49de-a5eb-d3f57f1f6fa6"
    },
    {
      "username": "Cuki3",
      "passHash": "05e18f169bb85da8722deb800fa8e3898c809146",
      "usernameLower": "cuki3",
      "authKey": "undefined&a*=xajP_XX&NIPuGIJIgcTfFWlZ&#BdA*zD*@TUUvNc^TmOfw(",
      "id": "22402c86-f18e-4689-9fc3-237205fad856"
    },
    {
      "username": "sammy",
      "passHash": "dc164909990ec32a43f9f7f46bb9585da6b36001",
      "usernameLower": "sammy",
      "authKey": "undefinedwR#_@o-SbvXDDtS!ptUwhqXdbtAL$qtfaQyEXhusgk^wuTJK!_i",
      "id": "3dc692cf-8ff9-4b78-9eef-80525cb354ac"
    },
    {
      "username": "test",
      "passHash": "51abb9636078defbf888d8457a7c76f85c8f114c",
      "usernameLower": "test",
      "authKey": "undefined!GFfVRohFbaTDR#Kg$k!Skm(Fc=Lxm)Unh@EVYcQXwfotdb&Cwg",
      "id": "2774235c-5c8c-4f70-a23a-ca8533fc20e6",
      "todos": [
        {
          "id": 27882,
          "text": "qwe",
          "state": true,
          "category": "Home"
        },
        {
          "id": 365117,
          "text": "NEW TODO",
          "state": false,
          "category": "Home"
        }
      ]
    }
  ]
}